INSERT INTO Coordonnee(id_position,latitude,longitude) VALUES('P2','48.9356168546','0.8786392025');
INSERT INTO Arbre(id_arbre,essence,type,id_groupement,id_position) VALUES('P2','Chêne pédonculé','29','P','P2');
INSERT INTO Coordonnee(id_position,latitude,longitude) VALUES('S01','48.9211984724','0.8614161517');
INSERT INTO Arbre(id_arbre,essence,type,id_groupement,id_position) VALUES('S01','Chêne sessile','27','P','S01');
INSERT INTO Coordonnee(id_position,latitude,longitude) VALUES('H2','48.9392774833','0.8868251673');
INSERT INTO Arbre(id_arbre,essence,type,id_groupement,id_position) VALUES('H2','Hêtre commun','0','P','H2');
INSERT INTO Coordonnee(id_position,latitude,longitude) VALUES('H0','48.9239466051','0.8656780142');
INSERT INTO Arbre(id_arbre,essence,type,id_groupement,id_position) VALUES('H0','Hêtre commun','0','P','H0');
INSERT INTO Coordonnee(id_position,latitude,longitude) VALUES('S2','48.9290237228','0.8631731973');
INSERT INTO Arbre(id_arbre,essence,type,id_groupement,id_position) VALUES('S2','Chêne sessile','27','P','S2');
INSERT INTO Thermometre(id_thermometre,id_groupement,id_position) VALUES('S2','P','S2');
INSERT INTO Coordonnee(id_position,latitude,longitude) VALUES('S0','48.9186273236','0.8587684761');
INSERT INTO Arbre(id_arbre,essence,type,id_groupement,id_position) VALUES('S0','Chêne sessile','27','P','S0');
INSERT INTO Coordonnee(id_position,latitude,longitude) VALUES('H1','48.9393274393','0.8866418246');
INSERT INTO Arbre(id_arbre,essence,type,id_groupement,id_position) VALUES('H1','Hêtre commun','0','P','H1');
INSERT INTO Coordonnee(id_position,latitude,longitude) VALUES('P01','48.9240626525','0.8661696966');
INSERT INTO Arbre(id_arbre,essence,type,id_groupement,id_position) VALUES('P01','Chêne pédonculé','29','P','P01');
INSERT INTO Coordonnee(id_position,latitude,longitude) VALUES('LIERRU','48.9275765348','0.8502066157');
INSERT INTO Thermometre(id_thermometre,id_groupement,id_position) VALUES('LIERRU','P','LIERRU');
INSERT INTO Coordonnee(id_position,latitude,longitude) VALUES('S1','48.9324909363','0.8703290821');
INSERT INTO Arbre(id_arbre,essence,type,id_groupement,id_position) VALUES('S1','Chêne sessile','27','P','S1');
INSERT INTO Coordonnee(id_position,latitude,longitude) VALUES('P02','48.9187937882','0.8584238123');
INSERT INTO Arbre(id_arbre,essence,type,id_groupement,id_position) VALUES('P02','Chêne pédonculé','29','P','P02');
INSERT INTO Coordonnee(id_position,latitude,longitude) VALUES('P0','48.9218894346','0.8666370715');
INSERT INTO Arbre(id_arbre,essence,type,id_groupement,id_position) VALUES('P0','Chêne pédonculé','29','P','P0');
INSERT INTO Coordonnee(id_position,latitude,longitude) VALUES('H4','48.9298188826','0.8650046959');
INSERT INTO Arbre(id_arbre,essence,type,id_groupement,id_position) VALUES('H4','Hêtre commun','0','P','H4');
INSERT INTO Coordonnee(id_position,latitude,longitude) VALUES('S4','48.9297377039','0.8650559932');
INSERT INTO Arbre(id_arbre,essence,type,id_groupement,id_position) VALUES('S4','Chêne sessile','27','P','S4');
INSERT INTO Coordonnee(id_position,latitude,longitude) VALUES('P1','48.9396069758','0.8858181349');
INSERT INTO Arbre(id_arbre,essence,type,id_groupement,id_position) VALUES('P1','Chêne pédonculé','29','P','P1');
INSERT INTO Thermometre(id_thermometre,id_groupement,id_position) VALUES('P1','P','P1');
INSERT INTO Coordonnee(id_position,latitude,longitude) VALUES('S3','48.9292881886','0.8654507683');
INSERT INTO Arbre(id_arbre,essence,type,id_groupement,id_position) VALUES('S3','Chêne sessile','27','P','S3');
INSERT INTO Coordonnee(id_position,latitude,longitude) VALUES('P4','48.9373357075','0.8809982785');
INSERT INTO Arbre(id_arbre,essence,type,id_groupement,id_position) VALUES('P4','Chêne pédonculé','29','P','P4');
INSERT INTO Coordonnee(id_position,latitude,longitude) VALUES('H3','48.9293818675','0.865496799');
INSERT INTO Arbre(id_arbre,essence,type,id_groupement,id_position) VALUES('H3','Hêtre commun','0','P','H3');
INSERT INTO Coordonnee(id_position,latitude,longitude) VALUES('H01','48.9237631252','0.8633884135');
INSERT INTO Arbre(id_arbre,essence,type,id_groupement,id_position) VALUES('H01','Hêtre commun','0','P','H01');
INSERT INTO Coordonnee(id_position,latitude,longitude) VALUES('P3','48.9375221031','0.8811704535');
INSERT INTO Arbre(id_arbre,essence,type,id_groupement,id_position) VALUES('P3','Chêne pédonculé','29','P','P3');
INSERT INTO Coordonnee(id_position,latitude,longitude) VALUES('P15','48.9081857932','0.7860239502');
INSERT INTO Arbre(id_arbre,essence,type,id_groupement,id_position) VALUES('P15','Chêne pédonculé','29','D','P15');
INSERT INTO Coordonnee(id_position,latitude,longitude) VALUES('H9','48.9184346236','0.807736935');
INSERT INTO Arbre(id_arbre,essence,type,id_groupement,id_position) VALUES('H9','Hêtre commun','0','D','H9');
INSERT INTO Coordonnee(id_position,latitude,longitude) VALUES('P7','48.9208170539','0.827814443');
INSERT INTO Arbre(id_arbre,essence,type,id_groupement,id_position) VALUES('P7','Chêne pédonculé','29','D','P7');
INSERT INTO Coordonnee(id_position,latitude,longitude) VALUES('S27','48.9285545982','0.8338412828');
INSERT INTO Arbre(id_arbre,essence,type,id_groupement,id_position) VALUES('S27','Chêne sessile','27','D','S27');
INSERT INTO Coordonnee(id_position,latitude,longitude) VALUES('P14','48.9129066066','0.7899462617');
INSERT INTO Arbre(id_arbre,essence,type,id_groupement,id_position) VALUES('P14','Chêne pédonculé','29','D','P14');
INSERT INTO Coordonnee(id_position,latitude,longitude) VALUES('P9','48.918479844','0.8080291282');
INSERT INTO Arbre(id_arbre,essence,type,id_groupement,id_position) VALUES('P9','Chêne pédonculé','29','D','P9');
INSERT INTO Coordonnee(id_position,latitude,longitude) VALUES('H6','48.920660438','0.8263256493');
INSERT INTO Arbre(id_arbre,essence,type,id_groupement,id_position) VALUES('H6','Hêtre commun','0','D','H6');
INSERT INTO Coordonnee(id_position,latitude,longitude) VALUES('H29','48.929435391','0.8282938978');
INSERT INTO Arbre(id_arbre,essence,type,id_groupement,id_position) VALUES('H29','Hêtre commun','0','D','H29');
INSERT INTO Coordonnee(id_position,latitude,longitude) VALUES('P13','48.9119272938','0.7909908983');
INSERT INTO Arbre(id_arbre,essence,type,id_groupement,id_position) VALUES('P13','Chêne pédonculé','29','D','P13');
INSERT INTO Thermometre(id_thermometre,id_groupement,id_position) VALUES('P13','D','P13');
INSERT INTO Coordonnee(id_position,latitude,longitude) VALUES('S6','48.9214648912','0.8140995539');
INSERT INTO Arbre(id_arbre,essence,type,id_groupement,id_position) VALUES('S6','Chêne sessile','27','D','S6');
INSERT INTO Coordonnee(id_position,latitude,longitude) VALUES('P6','48.92048907','0.8266345225');
INSERT INTO Arbre(id_arbre,essence,type,id_groupement,id_position) VALUES('P6','Chêne pédonculé','29','D','P6');
INSERT INTO Coordonnee(id_position,latitude,longitude) VALUES('S26','48.929412025','0.8279611263');
INSERT INTO Arbre(id_arbre,essence,type,id_groupement,id_position) VALUES('S26','Chêne sessile','27','D','S26');
INSERT INTO Coordonnee(id_position,latitude,longitude) VALUES('S5','48.9219504206','0.8149996541');
INSERT INTO Arbre(id_arbre,essence,type,id_groupement,id_position) VALUES('S5','Chêne sessile','27','D','S5');
INSERT INTO Thermometre(id_thermometre,id_groupement,id_position) VALUES('S5','D','S5');
INSERT INTO Coordonnee(id_position,latitude,longitude) VALUES('P12','48.9139674628','0.7937568426');
INSERT INTO Arbre(id_arbre,essence,type,id_groupement,id_position) VALUES('P12','Chêne pédonculé','29','D','P12');
INSERT INTO Coordonnee(id_position,latitude,longitude) VALUES('H5','48.9267407963','0.8375972136');
INSERT INTO Arbre(id_arbre,essence,type,id_groupement,id_position) VALUES('H5','Hêtre commun','0','D','H5');
INSERT INTO Coordonnee(id_position,latitude,longitude) VALUES('H28','48.9298415137','0.8243664633');
INSERT INTO Arbre(id_arbre,essence,type,id_groupement,id_position) VALUES('H28','Hêtre commun','0','D','H28');
INSERT INTO Coordonnee(id_position,latitude,longitude) VALUES('S9','48.9338503266','0.8251986186');
INSERT INTO Arbre(id_arbre,essence,type,id_groupement,id_position) VALUES('S9','Chêne sessile','27','D','S9');
INSERT INTO Thermometre(id_thermometre,id_groupement,id_position) VALUES('S9','D','S9');
INSERT INTO Coordonnee(id_position,latitude,longitude) VALUES('H10','48.9141335842','0.7945053191');
INSERT INTO Arbre(id_arbre,essence,type,id_groupement,id_position) VALUES('H10','Hêtre commun','0','D','H10');
INSERT INTO Coordonnee(id_position,latitude,longitude) VALUES('P5','48.9267612901','0.8376169111');
INSERT INTO Arbre(id_arbre,essence,type,id_groupement,id_position) VALUES('P5','Chêne pédonculé','29','D','P5');
INSERT INTO Coordonnee(id_position,latitude,longitude) VALUES('S25','48.9297965029','0.8243708219');
INSERT INTO Arbre(id_arbre,essence,type,id_groupement,id_position) VALUES('S25','Chêne sessile','27','D','S25');
INSERT INTO Coordonnee(id_position,latitude,longitude) VALUES('S8','48.934352','0.826301');
INSERT INTO Arbre(id_arbre,essence,type,id_groupement,id_position) VALUES('S8','Chêne sessile','27','D','S8');
INSERT INTO Coordonnee(id_position,latitude,longitude) VALUES('P11','48.9119277941','0.8011636789');
INSERT INTO Arbre(id_arbre,essence,type,id_groupement,id_position) VALUES('P11','Chêne pédonculé','29','D','P11');
INSERT INTO Coordonnee(id_position,latitude,longitude) VALUES('P8','48.9217330437','0.8144315909');
INSERT INTO Arbre(id_arbre,essence,type,id_groupement,id_position) VALUES('P8','Chêne pédonculé','29','D','P8');
INSERT INTO Coordonnee(id_position,latitude,longitude) VALUES('S7','48.9345063975','0.8260995894');
INSERT INTO Arbre(id_arbre,essence,type,id_groupement,id_position) VALUES('S7','Chêne sessile','27','D','S7');
INSERT INTO Coordonnee(id_position,latitude,longitude) VALUES('P10','48.911792594','0.8015163894');
INSERT INTO Arbre(id_arbre,essence,type,id_groupement,id_position) VALUES('P10','Chêne pédonculé','29','D','P10');
INSERT INTO Coordonnee(id_position,latitude,longitude) VALUES('H7','48.9192491351','0.8199819736');
INSERT INTO Arbre(id_arbre,essence,type,id_groupement,id_position) VALUES('H7','Hêtre commun','0','D','H7');
INSERT INTO Coordonnee(id_position,latitude,longitude) VALUES('H30','48.9283648452','0.8337627963');
INSERT INTO Arbre(id_arbre,essence,type,id_groupement,id_position) VALUES('H30','Hêtre commun','0','D','H30');
INSERT INTO Coordonnee(id_position,latitude,longitude) VALUES('S13','48.950465899','0.8733841683');
INSERT INTO Arbre(id_arbre,essence,type,id_groupement,id_position) VALUES('S13','Chêne sessile','27','B','S13');
INSERT INTO Coordonnee(id_position,latitude,longitude) VALUES('P18','48.9488513349','0.8610348589');
INSERT INTO Arbre(id_arbre,essence,type,id_groupement,id_position) VALUES('P18','Chêne pédonculé','29','B','P18');
INSERT INTO Coordonnee(id_position,latitude,longitude) VALUES('P21','48.9426134387','0.8619670942');
INSERT INTO Arbre(id_arbre,essence,type,id_groupement,id_position) VALUES('P21','Chêne pédonculé','29','B','P21');
INSERT INTO Coordonnee(id_position,latitude,longitude) VALUES('H26','48.948429767','0.8719994779');
INSERT INTO Arbre(id_arbre,essence,type,id_groupement,id_position) VALUES('H26','Hêtre commun','0','B','H26');
INSERT INTO Coordonnee(id_position,latitude,longitude) VALUES('H16','48.9505359717','0.8736268244');
INSERT INTO Arbre(id_arbre,essence,type,id_groupement,id_position) VALUES('H16','Hêtre commun','0','B','H16');
INSERT INTO Coordonnee(id_position,latitude,longitude) VALUES('P17','48.9529061224','0.859231241');
INSERT INTO Arbre(id_arbre,essence,type,id_groupement,id_position) VALUES('P17','Chêne pédonculé','29','B','P17');
INSERT INTO Coordonnee(id_position,latitude,longitude) VALUES('H15','48.9426829313','0.8618213441');
INSERT INTO Arbre(id_arbre,essence,type,id_groupement,id_position) VALUES('H15','Hêtre commun','0','B','H15');
INSERT INTO Coordonnee(id_position,latitude,longitude) VALUES('S30','48.9454495395','0.8735998347');
INSERT INTO Arbre(id_arbre,essence,type,id_groupement,id_position) VALUES('S30','Chêne sessile','27','B','S30');
INSERT INTO Coordonnee(id_position,latitude,longitude) VALUES('P25','48.9546816584','0.8746168948');
INSERT INTO Arbre(id_arbre,essence,type,id_groupement,id_position) VALUES('P25','Chêne pédonculé','29','B','P25');
INSERT INTO Coordonnee(id_position,latitude,longitude) VALUES('P16','48.9528894005','0.859067291');
INSERT INTO Arbre(id_arbre,essence,type,id_groupement,id_position) VALUES('P16','Chêne pédonculé','29','B','P16');
INSERT INTO Coordonnee(id_position,latitude,longitude) VALUES('S28','48.9426228683','0.8610715717');
INSERT INTO Arbre(id_arbre,essence,type,id_groupement,id_position) VALUES('S28','Chêne sessile','27','B','S28');
INSERT INTO Coordonnee(id_position,latitude,longitude) VALUES('S29','48.9455289161','0.8737535588');
INSERT INTO Arbre(id_arbre,essence,type,id_groupement,id_position) VALUES('S29','Chêne sessile','27','B','S29');
INSERT INTO Thermometre(id_thermometre,id_groupement,id_position) VALUES('S29','B','S29');
INSERT INTO Coordonnee(id_position,latitude,longitude) VALUES('P27','48.9458754659','0.8737139124');
INSERT INTO Arbre(id_arbre,essence,type,id_groupement,id_position) VALUES('P27','Chêne pédonculé','29','B','P27');
INSERT INTO Coordonnee(id_position,latitude,longitude) VALUES('S12','48.9576415624','0.8585052844');
INSERT INTO Arbre(id_arbre,essence,type,id_groupement,id_position) VALUES('S12','Chêne sessile','27','B','S12');
INSERT INTO Coordonnee(id_position,latitude,longitude) VALUES('H14','48.9427642291','0.8611873257');
INSERT INTO Arbre(id_arbre,essence,type,id_groupement,id_position) VALUES('H14','Hêtre commun','0','B','H14');
INSERT INTO Coordonnee(id_position,latitude,longitude) VALUES('S31','48.950154061','0.8735180744');
INSERT INTO Arbre(id_arbre,essence,type,id_groupement,id_position) VALUES('S31','Chêne sessile','27','B','S31');
INSERT INTO Coordonnee(id_position,latitude,longitude) VALUES('P23','48.955123162','0.8736777693');
INSERT INTO Arbre(id_arbre,essence,type,id_groupement,id_position) VALUES('P23','Chêne pédonculé','29','B','P23');
INSERT INTO Coordonnee(id_position,latitude,longitude) VALUES('S15','48.9455906488','0.875134645');
INSERT INTO Arbre(id_arbre,essence,type,id_groupement,id_position) VALUES('S15','Chêne sessile','27','B','S15');
INSERT INTO Coordonnee(id_position,latitude,longitude) VALUES('H11','48.9574525086','0.8582277596');
INSERT INTO Arbre(id_arbre,essence,type,id_groupement,id_position) VALUES('H11','Hêtre commun','0','B','H11');
INSERT INTO Coordonnee(id_position,latitude,longitude) VALUES('H13','48.9478626475','0.8591706398');
INSERT INTO Arbre(id_arbre,essence,type,id_groupement,id_position) VALUES('H13','Hêtre commun','0','B','H13');
INSERT INTO Coordonnee(id_position,latitude,longitude) VALUES('H25','48.9497796725','0.8735036104');
INSERT INTO Arbre(id_arbre,essence,type,id_groupement,id_position) VALUES('H25','Hêtre commun','0','B','H25');
INSERT INTO Coordonnee(id_position,latitude,longitude) VALUES('P22','48.955083','0.873861');
INSERT INTO Arbre(id_arbre,essence,type,id_groupement,id_position) VALUES('P22','Chêne pédonculé','29','B','P22');
INSERT INTO Coordonnee(id_position,latitude,longitude) VALUES('S11','48.9570358023','0.857219249');
INSERT INTO Arbre(id_arbre,essence,type,id_groupement,id_position) VALUES('S11','Chêne sessile','27','B','S11');
INSERT INTO Coordonnee(id_position,latitude,longitude) VALUES('P19','48.9480568562','0.8593764156');
INSERT INTO Arbre(id_arbre,essence,type,id_groupement,id_position) VALUES('P19','Chêne pédonculé','29','B','P19');
INSERT INTO Coordonnee(id_position,latitude,longitude) VALUES('P26','48.9456565306','0.8746661804');
INSERT INTO Arbre(id_arbre,essence,type,id_groupement,id_position) VALUES('P26','Chêne pédonculé','29','B','P26');
INSERT INTO Coordonnee(id_position,latitude,longitude) VALUES('S10','48.9571229741','0.8575593866');
INSERT INTO Arbre(id_arbre,essence,type,id_groupement,id_position) VALUES('S10','Chêne sessile','27','B','S10');
INSERT INTO Thermometre(id_thermometre,id_groupement,id_position) VALUES('S10','B','S10');
INSERT INTO Coordonnee(id_position,latitude,longitude) VALUES('H12','48.9486150909','0.86060361');
INSERT INTO Arbre(id_arbre,essence,type,id_groupement,id_position) VALUES('H12','Hêtre commun','0','B','H12');
INSERT INTO Coordonnee(id_position,latitude,longitude) VALUES('H27','48.9484377298','0.8718519564');
INSERT INTO Arbre(id_arbre,essence,type,id_groupement,id_position) VALUES('H27','Hêtre commun','0','B','H27');
INSERT INTO Coordonnee(id_position,latitude,longitude) VALUES('S14','48.9456396449','0.8748089748');
INSERT INTO Arbre(id_arbre,essence,type,id_groupement,id_position) VALUES('S14','Chêne sessile','27','B','S14');
INSERT INTO Coordonnee(id_position,latitude,longitude) VALUES('P30','48.9522334747','0.8916841261');
INSERT INTO Arbre(id_arbre,essence,type,id_groupement,id_position) VALUES('P30','Chêne pédonculé','29','E','P30');
INSERT INTO Coordonnee(id_position,latitude,longitude) VALUES('S22','48.9567735326','0.8902082405');
INSERT INTO Arbre(id_arbre,essence,type,id_groupement,id_position) VALUES('S22','Chêne sessile','27','E','S22');
INSERT INTO Coordonnee(id_position,latitude,longitude) VALUES('S17','48.964260919','0.8883519005');
INSERT INTO Arbre(id_arbre,essence,type,id_groupement,id_position) VALUES('S17','Chêne sessile','27','E','S17');
INSERT INTO Coordonnee(id_position,latitude,longitude) VALUES('P32','48.9597954182','0.9008336439');
INSERT INTO Arbre(id_arbre,essence,type,id_groupement,id_position) VALUES('P32','Chêne pédonculé','29','E','P32');
INSERT INTO Coordonnee(id_position,latitude,longitude) VALUES('H20','48.9521736279','0.8916283864');
INSERT INTO Arbre(id_arbre,essence,type,id_groupement,id_position) VALUES('H20','Hêtre commun','0','E','H20');
INSERT INTO Coordonnee(id_position,latitude,longitude) VALUES('S21','48.9598155348','0.8882394153');
INSERT INTO Arbre(id_arbre,essence,type,id_groupement,id_position) VALUES('S21','Chêne sessile','27','E','S21');
INSERT INTO Coordonnee(id_position,latitude,longitude) VALUES('S16','48.9641592884','0.8881431072');
INSERT INTO Arbre(id_arbre,essence,type,id_groupement,id_position) VALUES('S16','Chêne sessile','27','E','S16');
INSERT INTO Coordonnee(id_position,latitude,longitude) VALUES('P31','48.9595957193','0.9002602379');
INSERT INTO Arbre(id_arbre,essence,type,id_groupement,id_position) VALUES('P31','Chêne pédonculé','29','E','P31');
INSERT INTO Coordonnee(id_position,latitude,longitude) VALUES('S24','48.9560615318','0.8951329439');
INSERT INTO Arbre(id_arbre,essence,type,id_groupement,id_position) VALUES('S24','Chêne sessile','27','E','S24');
INSERT INTO Coordonnee(id_position,latitude,longitude) VALUES('P28','48.9598151917','0.8883585512');
INSERT INTO Arbre(id_arbre,essence,type,id_groupement,id_position) VALUES('P28','Chêne pédonculé','29','E','P28');
INSERT INTO Coordonnee(id_position,latitude,longitude) VALUES('H24','48.9609978022','0.900828028');
INSERT INTO Arbre(id_arbre,essence,type,id_groupement,id_position) VALUES('H24','Hêtre commun','0','E','H24');
INSERT INTO Coordonnee(id_position,latitude,longitude) VALUES('S23','48.9560098574','0.8951402362');
INSERT INTO Arbre(id_arbre,essence,type,id_groupement,id_position) VALUES('S23','Chêne sessile','27','E','S23');
INSERT INTO Thermometre(id_thermometre,id_groupement,id_position) VALUES('S23','E','S23');
INSERT INTO Coordonnee(id_position,latitude,longitude) VALUES('H17','48.9600724401','0.8890532981');
INSERT INTO Arbre(id_arbre,essence,type,id_groupement,id_position) VALUES('H17','Hêtre commun','0','E','H17');
INSERT INTO Coordonnee(id_position,latitude,longitude) VALUES('H23','48.961114143','0.9008346498');
INSERT INTO Arbre(id_arbre,essence,type,id_groupement,id_position) VALUES('H23','Hêtre commun','0','E','H23');
INSERT INTO Coordonnee(id_position,latitude,longitude) VALUES('S20','48.9601123799','0.8890509512');
INSERT INTO Arbre(id_arbre,essence,type,id_groupement,id_position) VALUES('S20','Chêne sessile','27','E','S20');
INSERT INTO Coordonnee(id_position,latitude,longitude) VALUES('H19','48.9560236456','0.8903356455');
INSERT INTO Arbre(id_arbre,essence,type,id_groupement,id_position) VALUES('H19','Hêtre commun','0','E','H19');
INSERT INTO Coordonnee(id_position,latitude,longitude) VALUES('H22','48.9610778913','0.9021056815');
INSERT INTO Arbre(id_arbre,essence,type,id_groupement,id_position) VALUES('H22','Hêtre commun','0','E','H22');
INSERT INTO Coordonnee(id_position,latitude,longitude) VALUES('S19','48.9641307061','0.8871666155');
INSERT INTO Arbre(id_arbre,essence,type,id_groupement,id_position) VALUES('S19','Chêne sessile','27','E','S19');
INSERT INTO Thermometre(id_thermometre,id_groupement,id_position) VALUES('S19','E','S19');
INSERT INTO Coordonnee(id_position,latitude,longitude) VALUES('P29','48.9560451033','0.8902996871');
INSERT INTO Arbre(id_arbre,essence,type,id_groupement,id_position) VALUES('P29','Chêne pédonculé','29','E','P29');
INSERT INTO Coordonnee(id_position,latitude,longitude) VALUES('H21','48.9612033684','0.9020477626');
INSERT INTO Arbre(id_arbre,essence,type,id_groupement,id_position) VALUES('H21','Hêtre commun','0','E','H21');
INSERT INTO Coordonnee(id_position,latitude,longitude) VALUES('S18','48.963926657','0.8874083997');
INSERT INTO Arbre(id_arbre,essence,type,id_groupement,id_position) VALUES('S18','Chêne sessile','27','E','S18');
INSERT INTO Coordonnee(id_position,latitude,longitude) VALUES('H18','48.9567498118','0.8904309477');
INSERT INTO Arbre(id_arbre,essence,type,id_groupement,id_position) VALUES('H18','Hêtre commun','0','E','H18');
