INSERT INTO Lieu(id_lieu,nom_lieu) VALUES(1,'Évreux');
INSERT INTO Donnees_externes(vent,temp) VALUES('25','6.3');
INSERT INTO Date_donnees_externes(id_meteo,annee_mois) VALUES('1','2018-01-01');
INSERT INTO relever_meteo(id_meteo,annee_mois,id_lieu) VALUES('1','2018-01-01',1);
INSERT INTO Donnees_externes(vent,temp) VALUES('21','1.9');
INSERT INTO Date_donnees_externes(id_meteo,annee_mois) VALUES('2','2018-02-01');
INSERT INTO relever_meteo(id_meteo,annee_mois,id_lieu) VALUES('2','2018-02-01',1);
INSERT INTO Donnees_externes(vent,temp) VALUES('23','6.7');
INSERT INTO Date_donnees_externes(id_meteo,annee_mois) VALUES('3','2018-03-01');
INSERT INTO relever_meteo(id_meteo,annee_mois,id_lieu) VALUES('3','2018-03-01',1);
INSERT INTO Donnees_externes(vent,temp) VALUES('19','12.6');
INSERT INTO Date_donnees_externes(id_meteo,annee_mois) VALUES('4','2018-04-01');
INSERT INTO relever_meteo(id_meteo,annee_mois,id_lieu) VALUES('4','2018-04-01',1);
INSERT INTO Donnees_externes(vent,temp) VALUES('16','15.3');
INSERT INTO Date_donnees_externes(id_meteo,annee_mois) VALUES('5','2018-05-01');
INSERT INTO relever_meteo(id_meteo,annee_mois,id_lieu) VALUES('5','2018-05-01',1);
INSERT INTO Donnees_externes(vent,temp) VALUES('16','18.2');
INSERT INTO Date_donnees_externes(id_meteo,annee_mois) VALUES('6','2018-06-01');
INSERT INTO relever_meteo(id_meteo,annee_mois,id_lieu) VALUES('6','2018-06-01',1);
INSERT INTO Donnees_externes(vent,temp) VALUES('14','22.3');
INSERT INTO Date_donnees_externes(id_meteo,annee_mois) VALUES('7','2018-07-01');
INSERT INTO relever_meteo(id_meteo,annee_mois,id_lieu) VALUES('7','2018-07-01',1);
INSERT INTO Donnees_externes(vent,temp) VALUES('16','20.3');
INSERT INTO Date_donnees_externes(id_meteo,annee_mois) VALUES('8','2018-08-01');
INSERT INTO relever_meteo(id_meteo,annee_mois,id_lieu) VALUES('8','2018-08-01',1);
INSERT INTO Donnees_externes(vent,temp) VALUES('17','15.9');
INSERT INTO Date_donnees_externes(id_meteo,annee_mois) VALUES('9','2018-09-01');
INSERT INTO relever_meteo(id_meteo,annee_mois,id_lieu) VALUES('9','2018-09-01',1);
INSERT INTO Donnees_externes(vent,temp) VALUES('19','12.7');
INSERT INTO Date_donnees_externes(id_meteo,annee_mois) VALUES('10','2018-10-01');
INSERT INTO relever_meteo(id_meteo,annee_mois,id_lieu) VALUES('10','2018-10-01',1);
INSERT INTO Donnees_externes(vent,temp) VALUES('20','7.3');
INSERT INTO Date_donnees_externes(id_meteo,annee_mois) VALUES('11','2018-11-01');
INSERT INTO relever_meteo(id_meteo,annee_mois,id_lieu) VALUES('11','2018-11-01',1);
INSERT INTO Donnees_externes(vent,temp) VALUES('21','6.5');
INSERT INTO Date_donnees_externes(id_meteo,annee_mois) VALUES('12','2018-12-01');
INSERT INTO relever_meteo(id_meteo,annee_mois,id_lieu) VALUES('12','2018-12-01',1);
INSERT INTO Donnees_externes(vent,temp) VALUES('18','3.8');
INSERT INTO Date_donnees_externes(id_meteo,annee_mois) VALUES('13','2019-01-01');
INSERT INTO relever_meteo(id_meteo,annee_mois,id_lieu) VALUES('13','2019-01-01',1);
INSERT INTO Donnees_externes(vent,temp) VALUES('18','6.6');
INSERT INTO Date_donnees_externes(id_meteo,annee_mois) VALUES('14','2019-02-01');
INSERT INTO relever_meteo(id_meteo,annee_mois,id_lieu) VALUES('14','2019-02-01',1);
INSERT INTO Donnees_externes(vent,temp) VALUES('24','8.9');
INSERT INTO Date_donnees_externes(id_meteo,annee_mois) VALUES('15','2019-03-01');
INSERT INTO relever_meteo(id_meteo,annee_mois,id_lieu) VALUES('15','2019-03-01',1);
INSERT INTO Donnees_externes(vent,temp) VALUES('17','10.2');
INSERT INTO Date_donnees_externes(id_meteo,annee_mois) VALUES('16','2019-04-01');
INSERT INTO relever_meteo(id_meteo,annee_mois,id_lieu) VALUES('16','2019-04-01',1);
INSERT INTO Donnees_externes(vent,temp) VALUES('17','12.1');
INSERT INTO Date_donnees_externes(id_meteo,annee_mois) VALUES('17','2019-05-01');
INSERT INTO relever_meteo(id_meteo,annee_mois,id_lieu) VALUES('17','2019-05-01',1);
INSERT INTO Donnees_externes(vent,temp) VALUES('18','18');
INSERT INTO Date_donnees_externes(id_meteo,annee_mois) VALUES('18','2019-06-01');
INSERT INTO relever_meteo(id_meteo,annee_mois,id_lieu) VALUES('18','2019-06-01',1);
INSERT INTO Donnees_externes(vent,temp) VALUES('16','20.3');
INSERT INTO Date_donnees_externes(id_meteo,annee_mois) VALUES('19','2019-07-01');
INSERT INTO relever_meteo(id_meteo,annee_mois,id_lieu) VALUES('19','2019-07-01',1);
INSERT INTO Donnees_externes(vent,temp) VALUES('16','19.5');
INSERT INTO Date_donnees_externes(id_meteo,annee_mois) VALUES('20','2019-08-01');
INSERT INTO relever_meteo(id_meteo,annee_mois,id_lieu) VALUES('20','2019-08-01',1);
INSERT INTO Donnees_externes(vent,temp) VALUES('20','16.3');
INSERT INTO Date_donnees_externes(id_meteo,annee_mois) VALUES('21','2019-09-01');
INSERT INTO relever_meteo(id_meteo,annee_mois,id_lieu) VALUES('21','2019-09-01',1);
INSERT INTO Donnees_externes(vent,temp) VALUES('22','12.8');
INSERT INTO Date_donnees_externes(id_meteo,annee_mois) VALUES('22','2019-10-01');
INSERT INTO relever_meteo(id_meteo,annee_mois,id_lieu) VALUES('22','2019-10-01',1);
INSERT INTO Donnees_externes(vent,temp) VALUES('21','7.8');
INSERT INTO Date_donnees_externes(id_meteo,annee_mois) VALUES('23','2019-11-01');
INSERT INTO relever_meteo(id_meteo,annee_mois,id_lieu) VALUES('23','2019-11-01',1);
INSERT INTO Donnees_externes(vent,temp) VALUES('22','6.3');
INSERT INTO Date_donnees_externes(id_meteo,annee_mois) VALUES('24','2019-12-01');
INSERT INTO relever_meteo(id_meteo,annee_mois,id_lieu) VALUES('24','2019-12-01',1);
INSERT INTO Donnees_externes(vent,temp) VALUES('22','6');
INSERT INTO Date_donnees_externes(id_meteo,annee_mois) VALUES('25','2020-01-01');
INSERT INTO relever_meteo(id_meteo,annee_mois,id_lieu) VALUES('25','2020-01-01',1);
INSERT INTO Donnees_externes(vent,temp) VALUES('31','8.1');
INSERT INTO Date_donnees_externes(id_meteo,annee_mois) VALUES('26','2020-02-01');
INSERT INTO relever_meteo(id_meteo,annee_mois,id_lieu) VALUES('26','2020-02-01',1);
INSERT INTO Donnees_externes(vent,temp) VALUES('23','7.9');
INSERT INTO Date_donnees_externes(id_meteo,annee_mois) VALUES('27','2020-03-01');
INSERT INTO relever_meteo(id_meteo,annee_mois,id_lieu) VALUES('27','2020-03-01',1);
INSERT INTO Donnees_externes(vent,temp) VALUES('17','13.1');
INSERT INTO Date_donnees_externes(id_meteo,annee_mois) VALUES('28','2020-04-01');
INSERT INTO relever_meteo(id_meteo,annee_mois,id_lieu) VALUES('28','2020-04-01',1);
INSERT INTO Donnees_externes(vent,temp) VALUES('19','14.1');
INSERT INTO Date_donnees_externes(id_meteo,annee_mois) VALUES('29','2020-05-01');
INSERT INTO relever_meteo(id_meteo,annee_mois,id_lieu) VALUES('29','2020-05-01',1);
INSERT INTO Donnees_externes(vent,temp) VALUES('19','17.1');
INSERT INTO Date_donnees_externes(id_meteo,annee_mois) VALUES('30','2020-06-01');
INSERT INTO relever_meteo(id_meteo,annee_mois,id_lieu) VALUES('30','2020-06-01',1);
INSERT INTO Donnees_externes(vent,temp) VALUES('18','19');
INSERT INTO Date_donnees_externes(id_meteo,annee_mois) VALUES('31','2020-07-01');
INSERT INTO relever_meteo(id_meteo,annee_mois,id_lieu) VALUES('31','2020-07-01',1);
INSERT INTO Donnees_externes(vent,temp) VALUES('18','21');
INSERT INTO Date_donnees_externes(id_meteo,annee_mois) VALUES('32','2020-08-01');
INSERT INTO relever_meteo(id_meteo,annee_mois,id_lieu) VALUES('32','2020-08-01',1);
INSERT INTO Donnees_externes(vent,temp) VALUES('17','17.4');
INSERT INTO Date_donnees_externes(id_meteo,annee_mois) VALUES('33','2020-09-01');
INSERT INTO relever_meteo(id_meteo,annee_mois,id_lieu) VALUES('33','2020-09-01',1);
INSERT INTO Donnees_externes(vent,temp) VALUES('24','11.8');
INSERT INTO Date_donnees_externes(id_meteo,annee_mois) VALUES('34','2020-10-01');
INSERT INTO relever_meteo(id_meteo,annee_mois,id_lieu) VALUES('34','2020-10-01',1);
INSERT INTO Donnees_externes(vent,temp) VALUES('18','9.2');
INSERT INTO Date_donnees_externes(id_meteo,annee_mois) VALUES('35','2020-11-01');
INSERT INTO relever_meteo(id_meteo,annee_mois,id_lieu) VALUES('35','2020-11-01',1);
INSERT INTO Donnees_externes(vent,temp) VALUES('23','6.3');
INSERT INTO Date_donnees_externes(id_meteo,annee_mois) VALUES('36','2020-12-01');
INSERT INTO relever_meteo(id_meteo,annee_mois,id_lieu) VALUES('36','2020-12-01',1);
