INSERT INTO sexe(sexe_prelevement) VALUES('Femelle');
INSERT INTO sexe(sexe_prelevement) VALUES('Mâle');
INSERT INTO sexe(sexe_prelevement) VALUES('Inconnu');
INSERT INTO age(age,description) VALUES(0,'Naissance');
INSERT INTO age(age,description) VALUES(1,'1 mois');
INSERT INTO age(age,description) VALUES(2,'2-4 mois');
INSERT INTO age(age,description) VALUES(3,'5-6 mois');
INSERT INTO age(age,description) VALUES(4,'7-11 mois');
INSERT INTO age(age,description) VALUES(5,'12-14 mois');
INSERT INTO age(age,description) VALUES(6,'14-18 mois');
INSERT INTO age(age,description) VALUES(7,'19-22 mois');
INSERT INTO age(age,description) VALUES(8,'22-24 mois');
INSERT INTO age(age,description) VALUES(9,'24-36 mois');
INSERT INTO age(age,description) VALUES(10,'3-5 ans');
INSERT INTO age(age,description) VALUES(11,'5-8 ans');
INSERT INTO age(age,description) VALUES(12,'8-10 ans');
INSERT INTO age(age,description) VALUES(13,'>10 ans');
INSERT INTO age(age,description) VALUES(100,'Age inconnu');
INSERT INTO Periode(periode) VALUES('2011-2012');
INSERT INTO prelever(id_domaine,periode,prelevement_sanglier) VALUES(1,'2011-2012',184);
INSERT INTO prelever_details(id_domaine,periode,age,prelevement_det,sexe_prelevement) VALUES(1,'2011-2012',100,184,'Inconnu');
INSERT INTO Periode(periode) VALUES('2012-2013');
INSERT INTO prelever(id_domaine,periode,prelevement_sanglier) VALUES(1,'2012-2013',367);
INSERT INTO prelever_details(id_domaine,periode,age,prelevement_det,sexe_prelevement) VALUES(1,'2012-2013',100,367,'Inconnu');
INSERT INTO Periode(periode) VALUES('2013-2014');
INSERT INTO prelever(id_domaine,periode,prelevement_sanglier) VALUES(1,'2013-2014',334);
INSERT INTO prelever_details(id_domaine,periode,age,prelevement_det,sexe_prelevement) VALUES(1,'2013-2014',100,334,'Inconnu');
INSERT INTO Periode(periode) VALUES('2014-2015');
INSERT INTO prelever(id_domaine,periode,prelevement_sanglier) VALUES(1,'2014-2015',542);
INSERT INTO prelever_details(id_domaine,periode,age,prelevement_det,sexe_prelevement) VALUES(1,'2014-2015',100,542,'Inconnu');
INSERT INTO Periode(periode) VALUES('2015-2016');
INSERT INTO prelever(id_domaine,periode,prelevement_sanglier) VALUES(1,'2015-2016',473);
INSERT INTO prelever_details(id_domaine,periode,age,prelevement_det,sexe_prelevement) VALUES(1,'2015-2016',100,473,'Inconnu');
INSERT INTO Periode(periode) VALUES('2016-2017');
INSERT INTO prelever(id_domaine,periode,prelevement_sanglier) VALUES(1,'2016-2017',829);
INSERT INTO prelever_details(id_domaine,periode,age,prelevement_det,sexe_prelevement) VALUES(1,'2016-2017',100,829,'Inconnu');
INSERT INTO Periode(periode) VALUES('2017-2018');
INSERT INTO prelever(id_domaine,periode,prelevement_sanglier) VALUES(1,'2017-2018',702);
INSERT INTO prelever_details(id_domaine,periode,age,prelevement_det,sexe_prelevement) VALUES(1,'2017-2018',100,702,'Inconnu');
INSERT INTO Periode(periode) VALUES('2018-2019');
INSERT INTO prelever(id_domaine,periode,prelevement_sanglier) VALUES(1,'2018-2019',324);
INSERT INTO prelever_details(id_domaine,periode,age,prelevement_det,sexe_prelevement) VALUES(1,'2018-2019',100,324,'Inconnu');
INSERT INTO Periode(periode) VALUES('2019-2020');
INSERT INTO prelever(id_domaine,periode,prelevement_sanglier) VALUES(1,'2019-2020',514);
INSERT INTO prelever_details(id_domaine,periode,age,prelevement_det,sexe_prelevement) VALUES(1,'2019-2020',100,514,'Inconnu');
INSERT INTO Periode(periode) VALUES('2020-2021');
INSERT INTO prelever(id_domaine,periode,prelevement_sanglier) VALUES(1,'2020-2021',680);
INSERT INTO prelever_details(id_domaine,periode,age,prelevement_det,sexe_prelevement) VALUES(1,'2020-2021',100,680,'Inconnu');
