INSERT INTO Tranche_age(tranche_age,description) VALUES('0-6 mois','Marcassin');
INSERT INTO Tranche_age(tranche_age,description) VALUES('6-12 mois','Bête rousse');
INSERT INTO Tranche_age(tranche_age,description) VALUES('1-2 ans','Bête noire');
INSERT INTO Tranche_age(tranche_age,description) VALUES('2-3 ans','Ragot');
INSERT INTO Tranche_age(tranche_age,description) VALUES('3-4 ans','Tiers-ans');
INSERT INTO Tranche_age(tranche_age,description) VALUES('4-5 ans','Quartanier');
INSERT INTO Tranche_age(tranche_age,description) VALUES('6-7 ans','Vieux sanglier');
INSERT INTO Tranche_age(tranche_age,description) VALUES('>7 ans','Grand vieux sanglier');
INSERT INTO Tranche_age(tranche_age,description) VALUES('inc','Tranche âge inconnue');
INSERT INTO Annee(annee_comptage) VALUES('2015');
INSERT INTO compter(id_domaine,annee_comptage,comptage_sanglier) VALUES(1,'2015',450);
INSERT INTO compter_details(id_domaine,annee_comptage,tranche_age,comptage_det) VALUES(1,'2015','inc',450);
INSERT INTO Annee(annee_comptage) VALUES('2016');
INSERT INTO compter(id_domaine,annee_comptage,comptage_sanglier) VALUES(1,'2016',855);
INSERT INTO compter_details(id_domaine,annee_comptage,tranche_age,comptage_det) VALUES(1,'2016','inc',855);
INSERT INTO Annee(annee_comptage) VALUES('2017');
INSERT INTO compter(id_domaine,annee_comptage,comptage_sanglier) VALUES(1,'2017',520);
INSERT INTO compter_details(id_domaine,annee_comptage,tranche_age,comptage_det) VALUES(1,'2017','inc',520);
INSERT INTO Annee(annee_comptage) VALUES('2018');
INSERT INTO compter(id_domaine,annee_comptage,comptage_sanglier) VALUES(1,'2018',396);
INSERT INTO compter_details(id_domaine,annee_comptage,tranche_age,comptage_det) VALUES(1,'2018','inc',396);
INSERT INTO Annee(annee_comptage) VALUES('2019');
INSERT INTO compter(id_domaine,annee_comptage,comptage_sanglier) VALUES(1,'2019',745);
INSERT INTO compter_details(id_domaine,annee_comptage,tranche_age,comptage_det) VALUES(1,'2019','inc',745);
